input1,input2,input3,output
1,2000,10000,17505.2836926283
2,2200,,19962.4093753702
3,2400,14000,22365.9983871052
4,,,24785.0770385369
5,2800,,27200.6019857611
6,3000,20000,29555.8092864065
7,,,31956.0049140234
8,3400,,34421.6392617196
9,3600,,36823.0403946126
10,3800,28000,39188.5892539722
